val_loss,loss
0.03448604601772606,0.06553043342444448
0.0304901418729665,0.031879413069488924
0.02970544178712657,0.03034892585439587
0.029456938711625313,0.029961773285884223
0.029260938607031346,0.029391825941042105
0.0288616741787811,0.02908909510402672
0.028550607446997115,0.028891893998207515
0.028534151526660397,0.028695906972616394
0.028325782138541943,0.028854718444926875
0.028500146583078846,0.028457058673191832
