{
    "AF": {
        "f1-score": 0.962432915921288,
        "precision": 0.9746376811594203,
        "recall": 0.950530035335689,
        "support": 849
    },
    "N": {
        "f1-score": 0.9633507853403143,
        "precision": 0.9517241379310345,
        "recall": 0.9752650176678446,
        "support": 849
    },
    "accuracy": 0.9628975265017667,
    "macro avg": {
        "f1-score": 0.9628918506308011,
        "precision": 0.9631809095452274,
        "recall": 0.9628975265017667,
        "support": 1698
    },
    "weighted avg": {
        "f1-score": 0.9628918506308011,
        "precision": 0.9631809095452275,
        "recall": 0.9628975265017667,
        "support": 1698
    }
}