{
    "AF": {
        "f1-score": 0.9700528479154433,
        "precision": 0.9672131147540983,
        "recall": 0.9729093050647821,
        "support": 849
    },
    "N": {
        "f1-score": 0.9699115044247788,
        "precision": 0.9727810650887574,
        "recall": 0.9670588235294117,
        "support": 850
    },
    "accuracy": 0.9699823425544438,
    "macro avg": {
        "f1-score": 0.9699821761701111,
        "precision": 0.9699970899214279,
        "recall": 0.9699840642970969,
        "support": 1699
    },
    "weighted avg": {
        "f1-score": 0.9699821345740278,
        "precision": 0.9699987285177594,
        "recall": 0.9699823425544438,
        "support": 1699
    }
}