{
    "AF": {
        "f1-score": 0.9617871840094062,
        "precision": 0.9612220916568742,
        "recall": 0.9623529411764706,
        "support": 850
    },
    "N": {
        "f1-score": 0.9616971125515615,
        "precision": 0.9622641509433962,
        "recall": 0.9611307420494699,
        "support": 849
    },
    "accuracy": 0.9617422012948793,
    "macro avg": {
        "f1-score": 0.9617421482804839,
        "precision": 0.9617431213001353,
        "recall": 0.9617418416129703,
        "support": 1699
    },
    "weighted avg": {
        "f1-score": 0.9617421747876816,
        "precision": 0.9617428146317165,
        "recall": 0.9617422012948793,
        "support": 1699
    }
}