{
    "AF": {
        "f1-score": 0.9580335731414867,
        "precision": 0.9755799755799756,
        "recall": 0.9411071849234394,
        "support": 849
    },
    "N": {
        "f1-score": 0.9594907407407407,
        "precision": 0.9431171786120591,
        "recall": 0.9764428739693758,
        "support": 849
    },
    "accuracy": 0.9587750294464076,
    "macro avg": {
        "f1-score": 0.9587621569411138,
        "precision": 0.9593485770960173,
        "recall": 0.9587750294464076,
        "support": 1698
    },
    "weighted avg": {
        "f1-score": 0.9587621569411138,
        "precision": 0.9593485770960173,
        "recall": 0.9587750294464076,
        "support": 1698
    }
}