{
    "AF": {
        "f1-score": 0.9660421545667447,
        "precision": 0.9604190919674039,
        "recall": 0.9717314487632509,
        "support": 849
    },
    "N": {
        "f1-score": 0.9656398104265402,
        "precision": 0.9713945172824792,
        "recall": 0.9599528857479388,
        "support": 849
    },
    "accuracy": 0.9658421672555948,
    "macro avg": {
        "f1-score": 0.9658409824966425,
        "precision": 0.9659068046249415,
        "recall": 0.9658421672555948,
        "support": 1698
    },
    "weighted avg": {
        "f1-score": 0.9658409824966424,
        "precision": 0.9659068046249415,
        "recall": 0.9658421672555948,
        "support": 1698
    }
}